{"cameraMode":{"drawMode":0,"name":"Shaded","section":"Shading Mode"},"sceneLighting":false,"audioPlay":false,"sceneViewState":{"m_AlwaysRefresh":false,"showFog":false,"showSkybox":false,"showFlares":false,"showImageEffects":false,"showParticleSystems":false,"showVisualEffectGraphs":true,"m_FxEnabled":true},"in2DMode":false,"pivot":{"x":0.08874793350696564,"y":1.1119310855865479,"z":0.407539427280426},"rotation":{"x":0.06936123222112656,"y":0.9262928366661072,"z":-0.3042914867401123,"w":0.21113942563533784},"size":0.7112933993339539,"orthographic":false}